isbn,bookname,author,publisher,image,price,category
1,박태웅의 AI 강의 2026 - 인공지능 진화의 가속화부터 AI 기본사회와 일자리의 미래까지 멈추지 않고 인간 세계를 압도하는 새로운 지능의 모든 것,박태웅 (지은이),한빛비즈,https://image.aladin.co.kr/product/38808/31/cover200/k552137982_1.jpg,20700,인공지능/빅데이터
2,"이게 되네? 제미나이 완전 미친 활용법 81제 - 나노바나나, 노트북LM, 오팔, Veo, Flow까지, 진짜 실무에서 쓰는 Gemini 최강 활용법! 할 일, 조직 관리, 협업, AI 메모, AI 회의, 챗봇, AI 자동화 앱, 이미지 생성, 영상 제작까지 일잘러 오대리의 인공지능 퍼펙트 활용 노하우",오힘찬 (지은이),골든래빗(주),https://image.aladin.co.kr/product/38534/88/cover200/k372135236_1.jpg,21600,초보자를 위한 컴퓨터 책
3,"하루 30분, 나는 제미나이로 돈을 번다 - 제미나이·Make·캔바·Opal: 아이디어가 돈이 되는 가장 완벽한 AI 워크플로",김민규 (지은이),한빛미디어,https://image.aladin.co.kr/product/38801/98/cover200/k332137784_1.jpg,17100,인공지능
4,옵시디언 프로페셔널 노트 - 플러그인과 AI로 확장하는 지식 관리 워크플로,구요한 (지은이),리코멘드,https://image.aladin.co.kr/product/38799/2/cover200/k342137789_1.jpg,22500,초보자를 위한 컴퓨터 책
5,혼자 공부하는 바이브 코딩 with 클로드 코드 - AI와 1:1 대화하며 배우는 첫 코딩 자습서 | 명령어 모음 별책 부록·저자 직강 유튜브·15개 프로젝트 파일 제공·Q&A 채널 운영,조태호 (지은이),한빛미디어,https://image.aladin.co.kr/product/37926/0/cover200/k902033034_1.jpg,27000,인공지능
6,"오픈클로 with GPT, 제미나이, 클로드 - 내 컴퓨터에서 일하는 AI 집사",강민혁 (지은이),한빛미디어,https://image.aladin.co.kr/product/38730/80/cover200/k502136949_2.jpg,19800,인공지능
7,"클로드 코드를 활용한 바이브 코딩 완벽 입문 - 기본 사용법부터 MCP, 병렬 처리, 서브에이전트, 보안 설계와 응용 활용법까지","히라카와 토모히데 (지은이), 최용 (옮긴이)",위키북스,https://image.aladin.co.kr/product/38731/88/cover200/k352136941_1.jpg,23400,인공지능
8,"요즘 바이브 코딩 안티그래비티 완벽 가이드 - 구글 AI, 제미나이, 스티치, 프롬프트 엔지니어링, 인공지능 에이전트, RAG, 프론트엔드, PRD, TDD, 클린 아키텍처, 리팩터링, 챗봇, 블로그, 랜딩 페이지 더 빠르고 더 견고한 프로그램을 만드는 원리와 방법",최지호 (지은이),골든래빗(주),https://image.aladin.co.kr/product/38434/74/cover200/k112135794_2.jpg,25200,인공지능
9,AI 최전선 - AGI 미래를 읽는 사람들,"애덤 브로트먼, 앤디 색 (지은이), 윤종은 (옮긴이)",윌북,https://image.aladin.co.kr/product/38830/1/cover200/k772137288_1.jpg,16020,세계 경제사/경제전망
10,"데이터를 엮는 사람들, 데이터 과학자 - 데이터 분석 업계에 대한 진솔한 이야기",권정민 (지은이),비제이퍼블릭,https://image.aladin.co.kr/product/30791/6/cover200/k162831460_1.jpg,14850,컴퓨터공학/전산학 개론
11,AI 자율학습 클로드 코드·코덱스 CLI·제미나이 CLI 완전 활용법 - 한 권으로 끝내는 AI 터미널 도구 3대장 바이브 코딩,데이브 리 (지은이),길벗,https://image.aladin.co.kr/product/38474/87/cover200/k142135016_1.jpg,28800,인공지능
12,"AI 에이전트 엔지니어링 - 단일 에이전트부터 멀티 에이전트 시스템까지, AI 앱 개발 올인원 가이드","마이클 알바다 (지은이), 강민혁 (옮긴이)",한빛미디어,https://image.aladin.co.kr/product/38402/55/cover200/k122135182_1.jpg,28800,인공지능
13,변화를 기회로 만드는 AI력 - 생각을 키워 성과를 이끄는 인공지능 실전 활용법,정규진 (지은이),민음인,https://image.aladin.co.kr/product/38751/29/cover200/k372136042_1.jpg,20700,경영전략/혁신
14,"진짜 쓰는 실무 엑셀 - 유튜브 대표 엑셀 채널, 오빠두가 알려 주는 엑셀 함수, 보고서 작성, 데이터 분석 노하우!",오빠두(전진권) (지은이),제이펍,https://image.aladin.co.kr/product/28819/83/cover200/s292938843_1.jpg,18900,엑셀
15,"Do it! 점프 투 파이썬 - 중학생도 첫날부터 실습하는 초고속 입문서, 전면 개정 2판",박응용 (지은이),이지스퍼블리싱,https://image.aladin.co.kr/product/31794/10/cover200/k362833219_1.jpg,19800,파이썬
16,AI 시대 엄마가 먼저 알아야 할 최상위 공부법 - 2032~2033 AI가 채점하는 서·논술형 입시가 온다,"오주연, 김현아, 김지예 (지은이)",한빛비즈,https://image.aladin.co.kr/product/38875/1/cover200/k892137104_1.jpg,19800,학교/학습법
17,마침내 특이점이 시작된다 - 인류가 AI와 결합하는 순간,"레이 커즈와일 (지은이), 이충호 (옮긴이), 장대익 (감수)",비즈니스북스,https://image.aladin.co.kr/product/36542/2/cover200/k172039049_2.jpg,27000,기초과학/교양과학
18,프롬프트 텔링 - 격차를 만드는 AI 소통 능력,로사장(김다솔) (지은이),필름(Feelm),https://image.aladin.co.kr/product/37506/52/cover200/k432032828_1.jpg,17550,성공학
19,"누구나 아는 나만 모르는 제미나이 - 세상에서 가장 쉬운 제미나이 & AI 입문서 | Gemini, 구글 워크스페이스, Gems, 노트북LM, 나노바나나 프로, 구글 AI 스튜디오, Veo 3.1, 믹스보드 무료 동영상 강의 11개 제공, 제미나이 최신 버전 반영",이성원(누나IT) (지은이),한빛미디어,https://image.aladin.co.kr/product/38325/96/cover200/k772034340_1.jpg,17100,인공지능
20,"요즘 교사를 위한 에듀테크 5대장 : 캔바, 패들렛, 북크리에이터, 노션, 챗GPT?제미나이 - 수업준비, 학급경영, 행정업무, 상담, 연수준비, 개인업무, 교사협업, 바이브코딩 어떻게 활용했고, 어떻게 활용할 수 있는지!","안익재, 황의태 (지은이)",앤써북,https://image.aladin.co.kr/product/38158/9/cover200/k112034406_1.jpg,17820,교육 일반
21,된다! 하루 만에 끝내는 제미나이 활용법,권서림 (지은이),이지스퍼블리싱,https://image.aladin.co.kr/product/37620/57/cover200/k282032940_2.jpg,18000,인공지능
22,"미니멀리즘 프로그래머 - AI 시대, 복잡함을 줄이고 가치를 올리는 개발 원칙","데이비드 토머스 (지은이), 이민석 (옮긴이)",한빛미디어,https://image.aladin.co.kr/product/38535/91/cover200/k092135330_2.jpg,18000,소프트웨어 공학
23,AI 워커스: 리디자인,김아람 (지은이),스마트북스,https://image.aladin.co.kr/product/38715/40/cover200/k682136634_1.jpg,22500,경영전략/혁신
24,AI의 선택을 부르는 AEO·GEO 생존전략 - 브랜드의 미래는 인간이 아니라 AI가 결정한다,이재홍 (지은이),미래의창,https://image.aladin.co.kr/product/38718/23/cover200/k162136741_2.jpg,17100,인공지능/빅데이터
25,AI 2026 - 트렌드 & 활용백과,김덕진 (지은이),스마트북스,https://image.aladin.co.kr/product/37323/95/cover200/k452031950_2.jpg,22500,경영전략/혁신
26,"누구나 쉽게 AI 작사 & 작곡 with 생성형 인공지능, 챗GPT, 수노, 유디오 - 음악 장르별 특징 파악부터 가사, 광고, 영화, 대중음악 생성을 위한 프롬프트 실습까지!","현병욱(오땡큐), 신수진 (지은이)",시프트,https://image.aladin.co.kr/product/37092/10/cover200/k052030153_1.jpg,18000,인공지능
27,3줄의 글로 수익을 만드는 스레드 운영법 - 스레드 브랜딩·마케팅·수익화 실전 전략,이동영 (지은이),한빛미디어,https://image.aladin.co.kr/product/37445/74/cover200/k802032505_1.jpg,18000,SNS
28,"AI 시대의 삶과 신앙 - AI의 도전, 교회는 어디로 가야 하는가?",김도현 (지은이),생활성서사,https://image.aladin.co.kr/product/38603/25/cover200/8984817120_1.jpg,13500,가톨릭 신학
29,"누구나 아는 나만 모르는 챗GPT (개정판) - 세상에서 가장 쉬운 챗GPT & AI 입문서 | ChatGPT, 챗GPT-이미지, 제미나이, 나노바나나 프로, 노트북LM, Sora 2, Suno, 감마, 냅킨 | 챗GPT 최신 버전 반영, 무료 동영상 강의 19개 제공",이성원(누나IT) (지은이),한빛미디어,https://image.aladin.co.kr/product/38594/42/cover200/k772136272_1.jpg,17100,인공지능
30,피지컬 AI 메가 트렌드 - 행동하는 인공지능이 만들어낼 70경 원 시장과 미래 생존 전략,"최홍섭, 원미르 (지은이)",위즈덤하우스,https://image.aladin.co.kr/product/38496/20/cover200/k842135312_1.jpg,20700,인공지능/빅데이터
31,대체불가 나노 바나나 완전정복 - 300가지 무한 활용법 : 나노 바나나와 함께 하는 제미나이/구글 AI 스튜디오/이미지 FX/플로우/베오로 잠자던 디자인 본능 깨우기,이용태 (지은이),책바세,https://image.aladin.co.kr/product/38541/49/cover200/k592135439_1.jpg,24300,인공지능
32,사서교사가 만든 독서 교육을 위한 찐 실전 ChatGPT (생성형 AI (에듀테크) 사서 학교도서관 활용하기!) - 달리 · 제미나이 · 패들렛 · 노트북LM · 수노 AI · 캔바 · 미리캔버스 미리클 · GPTs · 서프API · 구글 폼 / 스프레드시트 · 유튜브 API ·  감마 · 클로드 아티팩트,"이유진, 김은현, 주경 (지은이)",광문각출판미디어,https://image.aladin.co.kr/product/38791/33/cover200/k252137261_1.jpg,19000,교육 일반
33,캔바 AI - 매일매일 쓰는 모두의 AI,"신승희, 앤미디어 (지은이)",생능북스,https://image.aladin.co.kr/product/38695/73/cover200/k012136725_1.jpg,21600,인공지능
34,달리는 사람에서 게임하는 사람으로 - 스포츠와 게임으로 보는 놀이 인문학,현상필 (지은이),스테이블,https://image.aladin.co.kr/product/34259/76/cover200/k722932962_1.jpg,15120,청소년 인문/사회
35,"혼자 공부하는 파이썬 - 1:1 과외하듯 배우는 프로그래밍 자습서, 개정판",윤인성 (지은이),한빛미디어,https://image.aladin.co.kr/product/29499/67/cover200/k412837047_1.jpg,19800,파이썬
36,"된다! 하루 만에 끝내는 챗GPT 활용법 - 인공지능에게 일 시키고 시간 버는 법, 전면 개정 3판",프롬프트 크리에이터 (지은이),이지스퍼블리싱,https://image.aladin.co.kr/product/36470/71/cover200/k902039911_1.jpg,18000,인공지능
37,"5분 제미나이 - 기획서는 더 빠르게, 앱 개발은 더 쉽게, 콘텐츠는 더 완벽하게 | 멀티모달, 나노바나나, 캔버스, 딥 리서치,Veo,Gems,Google Docs, NotebookLM, Google AI 검색, 모바일 Gemini  | 동영상 강의, 오픈카톡 Q/A 제공",감자나라ai(오종현) (지은이),한빛미디어,https://image.aladin.co.kr/product/38694/72/cover200/k752136721_1.jpg,21600,인공지능
38,"된다! AI 상위 노출 - 챗GPT, 제미나이, 네이버에 내 콘텐츠가 1순위로 선택된다! 국내 최초 AIEO 실무서",이중대 (지은이),이지스퍼블리싱,https://image.aladin.co.kr/product/38758/41/cover200/k322137761_1.jpg,17100,인공지능
39,"제미나이로 구글·이미지·영상·자동화 진짜 잘함 - 구글 AI 생태계의 끝판왕, 제미나이 with 나노바나나 2, 비오 3.1, 노트북LM",이호정 (지은이),리코멘드,https://image.aladin.co.kr/product/38795/22/cover200/k122137361_1.jpg,16920,인공지능
40,맛있는 디자인 포토샵 & 일러스트레이터 CC 2026 - 누구나 쉽게 배우고 AI 기능까지 제대로 써먹는 그래픽 입문서,"빨간고래(박정아), 윤이사라(포완카) (지은이)",한빛미디어,https://image.aladin.co.kr/product/38513/50/cover200/k672135035_1.jpg,23400,포토샵
41,이나은 주임의 혼나지 않는 엑셀 - 이 책으로 혼나지 말고 칭찬받으세요!,"민지희 과장, 이나은 주임 (지은이)",T.W.I.G(티더블유아이지)(주),https://image.aladin.co.kr/product/38386/44/cover200/k722135467_1.jpg,17820,엑셀
42,"맛있는 디자인 프리미어 프로 & 애프터 이펙트 CC 2026 - 동영상 편집부터 모션 그래픽, AI 기능까지 제대로 써먹는 그래픽 입문서","심수진, 윤성우, 이수정 (지은이)",한빛미디어,https://image.aladin.co.kr/product/38656/18/cover200/k932136516_1.jpg,24300,프리미어/베가스
43,"된다! 제미나이, 클로드, 챗GPT AI 챗봇 만들기","이재윤, 정해준 (지은이)",이지스퍼블리싱,https://image.aladin.co.kr/product/38847/3/cover200/k202137701_1.jpg,18900,인공지능
44,"일머리를 설계하는 AI 워크플로 with n8n - 일정 관리, 메일 발송, 자기계발까지 생산성을 폭발시키는 상위 1% 직장인의 남다른 n8n 업무 자동화",이왕석 (지은이),한빛미디어,https://image.aladin.co.kr/product/38832/29/cover200/k282137286_1.jpg,25200,인공지능
45,새나곰의 똥손도 바로 시작하는 인스타툰 그리기 with 클립 스튜디오 - 인스타툰 채널을 키우고 수익화하는 실전 노하우부터 완성이 빨라지는 클립 스튜디오 활용 꿀팁까지!,새나곰(정은아) (지은이),한빛미디어,https://image.aladin.co.kr/product/38831/35/cover200/k082137283_1.jpg,20700,그래픽 일반
46,"AI 시대의 질문력, 프롬프트 엔지니어링",류한석 (지은이),코리아닷컴(Korea.com),https://image.aladin.co.kr/product/36945/80/cover200/k972030516_2.jpg,24300,인공지능
47,"혼자 공부하는 머신러닝 + 딥러닝 - 케라스와 파이토치로 1:1 과외하듯 배우는 인공지능 자습서, 별책 용어노트, 저자 직강 유튜브 강의 제공",박해선 (지은이),한빛미디어,https://image.aladin.co.kr/product/36114/6/cover200/k862038063_2.jpg,28800,인공지능
48,"이게 되네? AI 쇼츠 만들기 미친 자동화 22제 [동영상 강의 제공 / 프롬프트 복붙 사이트 제공 / 카카오톡 Q&A 제공] - 인공지능으로 쇼츠와 릴스를 자동 제작한다! 콘텐츠 수집부터 스크립트 작성, 영상 제작,
유튜브와 인스타그램 자동 업로드까지 코딩 모르는 초보자도 숏폼으로 수익 창출하는 법",천은영 (지은이),골든래빗(주),https://image.aladin.co.kr/product/38150/29/cover200/k642034300_1.jpg,23400,인공지능
49,[단한권] 윤성우의 열혈 C 프로그래밍 - 개정판,윤성우 (지은이),오렌지미디어,https://image.aladin.co.kr/product/38165/25/cover200/8996094056_1.jpg,25000,C
50,"대체불가능 - 인공지능 시대, 기계가 넘볼 수 없는 독보적 인간이 되는 법","파스칼 보넷 (지은이), 김정민 (옮긴이)",제이펍,https://image.aladin.co.kr/product/38553/95/cover200/k182135853_1.jpg,19800,인공지능
51,엑셀로 하는 데이터 분석,"장은실, 오경선, 양숙희 (지은이)",생능,https://image.aladin.co.kr/product/26552/17/cover200/8970504818_1.jpg,24000,자료구조/알고리즘
52,안티그래비티 바이브 코딩 입문 - 10일간의 탄탄한 기능 구현과 4일 만에 마스터하는 프로의 기획과 설계 전략,박규하 (지은이),로드북,https://image.aladin.co.kr/product/38723/17/cover200/k812136744_1.jpg,22500,프로그래밍 기초/개발 방법론
53,"Effective Python 이펙티브 파이썬 3판 - 더 명확하고, 더 안전하고, 더 파이썬다운 코드를 작성하는 실전 가이드 125","브렛 슬라킨 (지은이), 오현석 (옮긴이)",길벗,https://image.aladin.co.kr/product/38714/29/cover200/k782136631_1.jpg,37800,파이썬
54,"교실로 ON 제미나이 - 현장에서 바로 쓰는 인공지능 50가지 활용 가이드 바이브코딩, 라이브, 가이드학습, 스토리북, Gems, Opal, NotebookLM, 나노바나나, Vids, Veo, 구글 도구, 유튜브까지 한 권에","박찬, 김병석, 전수연, 구현희, 김지용, 전채원, 홍찬우, 임채원 (지은이)",다빈치books,https://image.aladin.co.kr/product/38585/81/cover200/k092135352_1.jpg,19800,교육 일반
55,"A2A×MCP 멀티 에이전트 오케스트레이션 실전 - 현직 AI Specialist에게 배우는 A2A! A2A x MCP 시스템을 설계, 구축, 운영하며 멀티 에이전트의 기본을 경험한다!",서지영 (지은이),길벗,https://image.aladin.co.kr/product/38808/8/cover200/k802137981_1.jpg,29700,인공지능
56,"클로드 코워크 with 스킬, 플러그인 - 퇴근을 앞당기는 완벽한 업무 자동화","클리커, 강민혁 (지은이)",한빛미디어,https://image.aladin.co.kr/product/38878/97/cover200/k442137203_1.jpg,23400,인공지능
57,"진짜 쓰는 프리미어 프로 영상 편집 - 유튜브 및 SNS 콘텐츠 제작을 위한 동영상 편집 실무 강의, 포토샵 + 애프터 이펙트 연동 부록 PDF 제공, 2025 최신개정판",조블리(조애리) (지은이),제이펍,https://image.aladin.co.kr/product/35861/26/cover200/k832037573_1.jpg,23400,프리미어/베가스
58,된다! 조회수 터지는 유튜브 쇼츠 만들기 - 구독자 없어도 알고리즘 탄다! AI로 영상 빠르게 만들어 수익화까지!,최지영 (지은이),이지스퍼블리싱,https://image.aladin.co.kr/product/36101/24/cover200/k232038068_1.jpg,19800,스마트폰/태블릿
59,"AI 엔지니어링 - 파운데이션 모델을 활용한 시스템 설계부터 개선까지, AI 앱 개발 원스톱 가이드","칩 후옌 (지은이), 변성윤 (옮긴이)",한빛미디어,https://image.aladin.co.kr/product/37309/79/cover200/k622031756_1.jpg,36000,인공지능
60,AI는 인간을 먹고 자란다 - 인공지능 신화에 가려진 보이지 않는 노동자들,"마크 그레이엄, 제임스 멀둔, 캘럼 캔트 (지은이), 김두완 (옮긴이)",흐름출판,https://image.aladin.co.kr/product/36415/87/cover200/8965967147_1.jpg,21600,노동문제
61,친절한 빛과 색,박리노 (지은이),아이생각(디지털북스),https://image.aladin.co.kr/product/25968/6/cover200/8960883670_1.jpg,18000,그래픽 일반
62,"밑바닥부터 시작하는 딥러닝 1 - 파이썬으로 익히는 딥러닝 이론과 구현, 리마스터판","사이토 고키 (지은이), 개앞맵시(이복연) (옮긴이)",한빛미디어,https://image.aladin.co.kr/product/35639/92/cover200/k222036504_1.jpg,23400,데이터베이스 개론
63,"광고, UX/UI, 브랜딩에 바로 쓰는 디자인 심리 108 - 기획, 마케팅, 디자인 실무자가 꼭 알아야 할 고객의 마음 공식","321web(미쓰이 마사유키) (지은이), 김현미 (옮긴이)",시프트,https://image.aladin.co.kr/product/38403/46/cover200/k012135187_1.jpg,16200,그래픽 일반
64,"AI 프로젝트 100% 성공을 위한 체크리스트 17 - 비즈니스 성장을 위한 AI 프로덕트의 기획부터 설계, 성능 평가까지 단계별 전략","유진호 (지은이), 정진호 (그림)",책만,https://image.aladin.co.kr/product/38458/2/cover200/k162135717_1.jpg,25200,인공지능
65,"출근길에 읽고 퇴근길에 완성하는 바이브 코딩 - IT 지식부터 웹사이트, 챗봇 앱 개발까지",노승헌 (지은이),더 타이즈,https://image.aladin.co.kr/product/38461/26/cover200/8966265189_1.jpg,19800,인공지능
66,인공지능이 답할 때 교육은 무엇을 묻는가 - AI가 채우지 못한 교육의 영토,함영기 (지은이),에듀니티교육연구소,https://image.aladin.co.kr/product/38361/35/cover200/k852135362_1.jpg,18000,교육 일반
67,"제미나이 교사 마스터 플랜 - 2026년 최신판, 구글공인트레이너 교사의 AI 수업_나노 바나나, 노트북LM, 구글 AI 스튜디오, 캔바 코드, 바이브 코딩, 앱스 스크립트",한민철 (지은이),책바세,https://image.aladin.co.kr/product/38873/64/cover200/k822137101_1.jpg,27000,인공지능
68,AI와 함께 살기 - 알고리즘 시대를 건너는 가장 다정한 안내서,"이운성, 박영순 (지은이)",살림,https://image.aladin.co.kr/product/38880/45/cover200/8952249828_1.jpg,8820,인공지능
69,"요즘 바이브 코딩 클로드 코드 완벽 가이드 - 요금제 선택, CLAUDE.md, Opus, Sonnet, 모델 선택, MCP, PRD, 깃허브 워크플로, UI 프로토타이핑, 인증 구현, 슬래시 커맨드, supabase 연동, 테스트, 배포, 슈퍼 클로드, ccusage, 클로디아 느낌이 좋은 프로그램 만드는 원리와",최지호 (지은이),골든래빗(주),https://image.aladin.co.kr/product/37028/32/cover200/k582030735_1.jpg,21600,인공지능
70,혼자 해도 프로 작가처럼 잘 그리는 아이패드 드로잉 with 프로크리에이트,빨간고래(박정아) (지은이),한빛미디어,https://image.aladin.co.kr/product/29680/45/cover200/k072838286_1.jpg,19800,스마트폰/태블릿
71,밑바닥부터 만들면서 배우는 LLM - GPT를 내 손으로 직접 단계별로 만들어보면서 대규모 언어 모델의 기본기를 탄탄히 채우기,"세바스찬 라시카 (지은이), 박해선 (옮긴이)",길벗,https://image.aladin.co.kr/product/37227/24/cover200/k182031704_2.jpg,36000,인공지능
72,"한 걸음 앞선 개발자가 지금 꼭 알아야 할 클로드 코드 - 실무에서 검증된 개발 방식 그대로, 매일 1시간 4주 Claude Code 에이전트 실전 훈련!","조훈, 정찬훈 (지은이)",길벗,https://image.aladin.co.kr/product/37069/43/cover200/k662030436_1.jpg,23400,인공지능
73,진화된 마케팅 그로스 해킹 - 프로세스와 실행 전략 바이블,"션 엘리스, 모건 브라운 (지은이), 이영구, 이영래 (옮긴이)",골든어페어,https://image.aladin.co.kr/product/11958/61/cover200/k522531432_2.jpg,17100,마케팅/브랜드
74,"질문으로 답을 찾는 인공지능 윤리 수업 - 재미있는 이야기로 풀어낸 에피소드 X 탐구 질문, 2025년 하반기 올해의 청소년 교양도서 추천도서",박형빈 (지은이),한언출판사,https://image.aladin.co.kr/product/36206/13/cover200/8955969473_1.jpg,18900,청소년 수학/과학
75,"회사에서 바로 통하는 엑셀 FOR STARTERS - 챗GPT&AI 활용, 모든 버전 사용 가능, 전면 개정판",전미진 (지은이),한빛미디어,https://image.aladin.co.kr/product/37445/3/cover200/k452032502_1.jpg,15300,엑셀
76,인공지능 시대의 컴퓨터 개론 - 개정8판,"김대수, 김경동 (지은이)",생능,https://image.aladin.co.kr/product/30708/79/cover200/8970506179_1.jpg,28000,인공지능
77,"우리, 프로그래머들 - AI 시대에 잊혀 가는 '프로그래머 정신'을 다시 깨우다","로버트 C. 마틴 (지은이), 최희철 (옮긴이)",길벗,https://image.aladin.co.kr/product/38466/66/cover200/k392135919_1.jpg,27900,인공지능
78,나노바나나로 AI툰 제작하기,김한재 (지은이),비엘북스,https://image.aladin.co.kr/product/38553/86/cover200/k862135852_1.jpg,28800,인공지능
79,"직장인을 위한 AI 실무 엑셀 - AI로 실무 완벽 대응! 실전! 비즈니스 엑셀 완전 정복, 최신개정",선양미 (지은이),길벗,https://image.aladin.co.kr/product/38152/87/cover200/k332034408_1.jpg,22500,엑셀
80,된다! 조회수 터지는 인스타그램 릴스 만들기 - 3초 후킹 전략부터 알고리즘의 비밀까지! AI로 빠르게 기획해서 수익화하자!,최지영 (지은이),이지스퍼블리싱,https://image.aladin.co.kr/product/38730/29/cover200/k532136847_1.jpg,18900,그래픽 일반
81,누구나 쉽게 시작하는 방구석 1인 앱 창업 - AI와 함께하는 앱 기획부터 애드몹 수익화까지 돈 버는 앱 만들기,김건희 (지은이),제이펍,https://image.aladin.co.kr/product/38726/14/cover200/k762136841_1.jpg,25200,모바일/임베디드
82,팜 수학편 4 : 시간 농장 - 상상력을 자극하는 유쾌한 학습 동화,"홍지연 (지은이), 지문 (그림)",길벗스쿨,https://image.aladin.co.kr/product/38579/2/cover200/k862135152_1.jpg,14400,초등 수학
83,혼자 공부하는 컴퓨터 구조 + 운영체제 - 1:1 과외하듯 배우는 컴퓨터공학 자습서,강민철 (지은이),한빛미디어,https://image.aladin.co.kr/product/29901/42/cover200/k932838038_1.jpg,25200,네트워크/데이터 통신
84,비전공자를 위한 이해할 수 있는 IT 지식 - IT시대의 필수 교양서,최원영 (지은이),T.W.I.G(티더블유아이지)(주),https://image.aladin.co.kr/product/24606/45/cover200/k662631176_1.jpg,15120,컴퓨터공학/전산학 개론
85,나노 바나나 - 매일매일 쓰는 제미나이 AI,"문수민, 박범희, 앤미디어 (지은이)",생능북스,https://image.aladin.co.kr/product/37458/46/cover200/k472032813_1.jpg,21600,인공지능
86,린 스타트업 - 지속적 혁신을 실현하는 창업의 과학,"에릭 리스 (지은이), 이창수, 송우일 (옮긴이)",인사이트,https://image.aladin.co.kr/product/2064/86/cover200/8966260578_1.jpg,16200,벤처/스타트업/인터넷창업
87,"마법 같은 영상 제작을 위한 스마트폰 촬영 및 편집 with 캡컷 - 릴스 마법사 롱제이의 인스타그램, 유튜브 채널 운영을 위한 숏폼 영상 촬영 편집 꿀팁!",롱제이(김지희) (지은이),시프트,https://image.aladin.co.kr/product/35714/41/cover200/k322036225_1.jpg,20700,스마트폰/태블릿
88,"생각이란 무엇인가 - 마음과 자유의지, 그리고 삶의 의미에 관하여","대니얼 C. 데닛 (지은이), 신광복 (옮긴이)",바다출판사,https://image.aladin.co.kr/product/37993/0/cover200/k602034676_2.jpg,34200,교양 철학
89,데이터베이스 개론 - 제3판,김연희 (지은이),한빛아카데미(교재),https://image.aladin.co.kr/product/28756/22/cover200/k952836881_1.jpg,29000,데이터베이스 개론
90,대체불가 AI 영상 제작 완전정복 - 챗GPT로 기획하고 제너레이티드 포토스·아트브리더·구글 베오·나노 바나나(Flash 2.5)·미드저니·프리픽·시드림·수노 AI·일레븐랩스·클링AI·런웨이·피카·소라2·컴피UI·캡컷 AI로 완성하기,이용태 (지은이),책바세,https://image.aladin.co.kr/product/37714/64/cover200/k662033162_1.jpg,26100,인공지능
91,코딩 자율학습 나도코딩의 파이썬 입문 - 초보자 눈높이에 맞춘 친절한 프로그래밍 자습서,나도코딩 (지은이),길벗,https://image.aladin.co.kr/product/31060/47/cover200/k462831528_1.jpg,21600,파이썬
92,가상 면접 사례로 배우는 대규모 시스템 설계 기초,"알렉스 쉬 (지은이), 이병준 (옮긴이)",인사이트,https://image.aladin.co.kr/product/27604/17/cover200/8966263151_1.jpg,21600,컴퓨터공학/전산학 개론
93,"업무와 일상을 정리하는 새로운 방법 노션 Notion - 생각 정리부터 업무 생산성, 협업 관리 도구를 노션 하나로!, 개정3판",전시진 (지은이),제이펍,https://image.aladin.co.kr/product/36498/2/cover200/k002039224_1.jpg,21600,e-비즈니스/온라인 창업
94,챗GPT·퍼플렉시티·클로드·코파일럿·제미나이 다 잘함 - 97가지 활용 사례로 배우는 최강 AI 5대장 완전정복,이호정 (지은이),리코멘드,https://image.aladin.co.kr/product/37572/57/cover200/k642032626_1.jpg,25200,인공지능
95,명품 운영체제 (수정판),황기태 (지은이),생능,https://image.aladin.co.kr/product/28430/76/cover200/8970505253_2.jpg,33000,소프트웨어 공학
96,"포토샵 + 일러스트레이터 CC 2026 무작정 따라하기 - 파이어플라이, 나노바나나, 토파즈 기가픽셀","문수민, 민지영, 전은재, 앤미디어 (지은이)",길벗,https://image.aladin.co.kr/product/38240/36/cover200/k062034527_1.jpg,23400,포토샵
97,"AI 잘 쓰는 디자이너 - 나노 바나나부터 미드저니, 피그마, 캡컷, 수노, 런웨이까지!",전하린 (지은이),이지스에듀(이지스퍼블리싱),https://image.aladin.co.kr/product/37971/76/cover200/k142034864_1.jpg,18900,웹디자인 기타
98,2026 시대에듀 유선배 SQL개발자(SQLD) 합격노트 - 저자직강 무료강의,정미나 (지은이),시대에듀(시대고시기획),https://image.aladin.co.kr/product/37896/64/cover200/k012033623_1.jpg,21600,SQL
99,"처음이지만 프로처럼 쓰는 노션 Notion - 데이터베이스 기초부터 자동화 시스템까지 완벽 활용법, 개정판",박한용(노션너굴) (지은이),아이생각(디지털북스),https://image.aladin.co.kr/product/37232/62/cover200/8960884979_2.jpg,22500,e-비즈니스/온라인 창업
100,라프 코스터의 재미이론 - 10주년 개정판,"라프 코스터 (지은이), 유창석, 전유택 (옮긴이)",길벗,https://image.aladin.co.kr/product/10569/18/cover200/k002530539_2.jpg,19800,게임 프로그래밍
101,"이게 되네? 클로드 MCP 미친 활용법 27제 - 엑셀, 노션, 옵시디언, 피그마, 블렌더, 스테이블 디퓨전부터 메일, 보고서, 블로그, 대시보드, 크롤링, 유튜브 썸네일 생성까지 27가지 일잘러의 AI 대통합 업무 자동화",박현규 (지은이),골든래빗(주),https://image.aladin.co.kr/product/36653/11/cover200/k582030986_2.jpg,21600,인공지능
102,"수노로 시작하는 AI 작곡 - 10분이면 완성하는 배경음악, 대중음악, 동요 제작 가이드","강성우, 한나래 (지은이)",제이펍,https://image.aladin.co.kr/product/38033/8/cover200/k802034982_1.jpg,18000,인공지능
103,"인공지능은 왜 정치적일 수밖에 없는가 - AI의 정치학과 자유, 평등, 정의, 민주주의, 권력, 동물과 환경","마크 코켈버그 (지은이), 배현석 (옮긴이)",생각이음,https://image.aladin.co.kr/product/32090/95/cover200/k392834196_1.jpg,16920,사회문제 일반
104,된다! 피그마 디자인 10분 레시피 - SNS 콘텐츠 + UX/UI + 웹 디자인 + AI 활용,"하이서, 김대일, 김시원, 최유빈 (지은이)",이지스퍼블리싱,https://image.aladin.co.kr/product/38537/90/cover200/k452135334_1.jpg,25200,그래픽 일반
105,포토샵 & 일러스트레이터 & 인디자인 CC 2026 - 한 권으로 끝내는 디자인 교과서,"김경미, 최리진 (지은이)",생능북스,https://image.aladin.co.kr/product/38327/77/cover200/k582034345_1.jpg,22500,포토샵
106,스케치업&엔스케이프 트레이닝 북 - 모델링과 렌더링을 함께 익히면서 실무 체력을 튼튼하게 기른다!,강석창 (지은이),한빛미디어,https://image.aladin.co.kr/product/37539/94/cover200/k272032121_1.jpg,28800,그래픽 일반
107,네이버 블로그 역제안 가이드 - 협찬 기회를 직접 만드는 마케터C의 역제안 시스템,마케터C(김명경) (지은이),한빛미디어,https://image.aladin.co.kr/product/38437/78/cover200/k162135892_1.jpg,19800,SNS
108,"요즘 직장인을 위한 실무 보고서 작성 비법 - 기획서, 소개서, 이메일, 품의서, 계약서, 공문서 작성까지 AI는 모르는, 우리 회사에서 인정받는 보고서 글쓰기 특강",김태영 (지은이),시프트,https://image.aladin.co.kr/product/38710/39/cover200/k572136535_1.jpg,18000,MS 오피스
109,"QA를 넘어 개발자도 알아야 할 AI 에이전트 품질 가이드 - 정답 없는 AI 서비스의 신뢰 기준, LLM Judge 평가 전략","정상미, 김성수 (지은이)",프리렉,https://image.aladin.co.kr/product/38606/18/cover200/8965404347_1.jpg,25200,인공지능
110,가상 면접 사례로 배우는 생성형 AI 서비스 설계,"알리 아미니안, 하오 성 (지은이), 김지호, 조윤민 (옮긴이)",인사이트,https://image.aladin.co.kr/product/38758/55/cover200/8966265219_1.jpg,30600,인공지능
111,맛있는 디자인 피그마 with AI - 디자인 시스템을 완성하는 UI/UX 실전 레시피,이영주 (지은이),한빛미디어,https://image.aladin.co.kr/product/38656/48/cover200/k832136516_1.jpg,25200,그래픽 일반
112,"창작 본능 - AI 시대, 우리가 낙서를 멈추지 않는 이유",정연덕 (지은이),어웨이크(AWAKE),https://image.aladin.co.kr/product/38732/56/cover200/k052136943_1.jpg,17100,미학/예술이론
113,"요즘 교사를 위한 에듀테크 수업 활용 가이드 with 2022 개정 교육과정 - 챗GPT·블루킷·젭퀴즈·노션·캔바·구글 시트까지, 요즘 교실에 꼭 필요한 에듀테크 활용법|교사용 웹사이트 지원","박진환, 서원진, 박권 (지은이)",한빛미디어,https://image.aladin.co.kr/product/38873/62/cover200/k722137101_1.jpg,21600,인공지능
114,AI 시대 서·논술형 평가 설계 바이블 - 현직 수석교사와 교사가 들려주는 새로운 시대의 평가 이야기,"조현준, 이근숙, 권좌실, 이슬기, 엄주연, 오덕수 (지은이)",에듀니티교육연구소,https://image.aladin.co.kr/product/38873/52/cover200/k162137101_1.jpg,19800,교육 일반
115,박태웅의 AI 강의 2025 - 인공지능의 출현부터 일상으로의 침투까지 우리와 미래를 함께할 새로운 지능의 모든 것,박태웅 (지은이),한빛비즈,https://image.aladin.co.kr/product/34689/12/cover200/k522933817_1.jpg,16920,인공지능/빅데이터
116,"비전공자도 이해할 수 있는 AI 지식 (10만부 기념 개정판) - 챗GPT부터 유튜브 추천, 파파고 번역과 내비게이션까지 일상을 움직이는 인공지능 이해하기","박상길 (지은이), 정진호 (그림)",비즈니스북스,https://image.aladin.co.kr/product/34937/43/cover200/k952934366_1.jpg,17820,기초과학/교양과학
117,AI 전쟁 2.0 - AI 세계 전쟁의 실체와 대한민국의 전략 카드,"하정우, 한상기 (지은이)",한빛비즈,https://image.aladin.co.kr/product/36652/94/cover200/k982030986_2.jpg,19800,인공지능/빅데이터
118,공간 드로잉 : 투시편,김동호 (지은이),아이생각(디지털북스),https://image.aladin.co.kr/product/19937/69/cover200/8960882682_1.jpg,18000,그래픽 일반
119,누구나 아는 나만 모르는 엑셀 - 이보다 더 쉬운 엑셀 책은 없습니다,이성원(누나IT) (지은이),한빛미디어,https://image.aladin.co.kr/product/35311/47/cover200/k622035273_1.jpg,15300,엑셀
120,"혼자 공부하는 C 언어 - 1:1 과외하듯 배우는 프로그래밍 자습서, 개정판",서현우 (지은이),한빛미디어,https://image.aladin.co.kr/product/31688/89/cover200/k482833588_1.jpg,23400,C
121,"이것이 취업을 위한 코딩 테스트다 with 파이썬 - 취업과 이직을 결정하는 알고리즘 인터뷰 완벽 가이드, C/C++, 자바 코드 제공",나동빈 (지은이),한빛미디어,https://image.aladin.co.kr/product/24788/21/cover200/k342631735_1.jpg,30600,자료구조/알고리즘
122,"요즘 당근 AI 개발 - AI가 만든 파도 위에서 과감히 서핑하는 법 / AI 에이전트, 프롬프트 엔지니어링, VoC 자동 분석, 운영자동화, 바이브 코딩 AI 검색과 추천까지 당근의 AI 활용 이야기",당근 팀 (지은이),골든래빗(주),https://image.aladin.co.kr/product/37271/3/cover200/k562031225_1.jpg,19800,인공지능
123,AI 에이전트 트렌드 & 활용백과,"김덕진, 김아람 (지은이)",스마트북스,https://image.aladin.co.kr/product/36724/90/cover200/k492030893_2.jpg,22500,경영 일반
124,"AI 다음 물결 - 시뮬레이션을 넘어 현실로, 피지컬 AI 기반 자율주행·로봇의 미래","류윈하오 (지은이), 홍민경 (옮긴이), 박종성 (감수)",알토북스,https://image.aladin.co.kr/product/38106/20/cover200/k132034289_1.jpg,20520,기초과학/교양과학
125,챗GPT : 마침내 찾아온 특이점 - 2023 전 세계를 뒤흔든 빅이슈의 탄생,반병현 (지은이),생능북스,https://image.aladin.co.kr/product/31016/62/cover200/k882831410_3.jpg,11700,트렌드/미래전망 일반
126,운영체제 - 제10판,"Abraham Silberschatz, Peter Baer Galvin, Greg Gagne (지은이), 박민규 (옮긴이)",퍼스트북,https://image.aladin.co.kr/product/23536/6/cover200/k372638921_1.jpg,39000,운영체제/소프트웨어 공학
127,명품 JAVA Programming - 개정5판,"황기태, 김효수 (지은이)",생능,https://image.aladin.co.kr/product/34293/21/cover200/k362932270_1.jpg,34000,HTML/JavaScript
128,"하루 30분! 돈이 되는 네이버 블로그 with 챗GPT - 생성형 AI ChatGPT로 해결하는 키워드, 브랜딩, 포스팅 전략",조병옥(호모앤) (지은이),한빛미디어,https://image.aladin.co.kr/product/35006/50/cover200/k212934882_1.jpg,16200,SNS
129,"AI 이후의 세계 - 챗GPT는 시작일 뿐이다, 세계질서 대전환에 대비하라","헨리 A. 키신저, 에릭 슈밋, 대니얼 허튼로커 (지은이), 김고명 (옮긴이)",윌북,https://image.aladin.co.kr/product/31531/13/cover200/k972832441_1.jpg,17820,인공지능/빅데이터
130,AI 2041 - 10개의 결정적 장면으로 읽는 인공지능과 인류의 미래,"리카이푸, 천치우판 (지은이), 이현 (옮긴이)",한빛비즈,https://image.aladin.co.kr/product/30864/83/cover200/k412831575_2.jpg,26820,인공지능/빅데이터
131,"AGI의 시대 - 인간을 초월한 인공지능, AGI를 논하다",한상기 (지은이),한빛미디어,https://image.aladin.co.kr/product/35266/35/cover200/k542934359_1.jpg,19800,인공지능
132,파이썬으로 쉽게 배우는 자료구조 - 개정판,"최영규, 천인국 (지은이)",생능,https://image.aladin.co.kr/product/31877/33/cover200/k562833430_1.jpg,29000,자료구조/알고리즘
133,"핸즈온 머신러닝 - 전2권 - 사이킷런, 케라스, 텐서플로 2로 완벽 이해하는 머신러닝, 딥러닝 이론 & 실무, 3판","오렐리앙 제롱 (지은이), 박해선 (옮긴이)",한빛미디어,https://image.aladin.co.kr/product/32427/88/cover200/k332935094_2.jpg,54000,전산수학(SPSS/MATLAB)
134,학교 업무가 쉬워지는 구글 스프레드시트 실전 가이드북 - 칼퇴하는 옆반 선생님의 비밀!,"김동호, 나혜진, 민동수, 박준택, 오보람, 윤수진 (지은이)",씨마스21,https://image.aladin.co.kr/product/37627/55/cover200/k242032044_1.jpg,19800,인터넷/윈도우즈 배우기
135,소프트웨어 테스트 전문가(CSTS) 가이드 - 개정판,한국정보통신기술협회 (지은이),홍릉(홍릉과학출판사),https://image.aladin.co.kr/product/26951/84/cover200/k642730814_1.jpg,33000,소프트웨어 공학
136,"C 언어 for Beginner - 제대로 이해하며 개발하는 C 프로그래밍, 개정 4판",우재남 (지은이),한빛아카데미(교재),https://image.aladin.co.kr/product/28460/27/cover200/k852835820_1.jpg,26000,C
137,진짜 쓰는 일러스트레이터 - 디자인 소스 제작을 위한 필수 기능부터 로고를 활용한 브랜드 디자인 실무까지!,우디(서영열) (지은이),제이펍,https://image.aladin.co.kr/product/30957/33/cover200/k542831007_2.jpg,21600,일러스트레이터
138,명품 C++ Programming - 개정3판,황기태 (지은이),생능,https://image.aladin.co.kr/product/36836/84/cover200/k242030106_1.jpg,34000,프로그래밍 언어
139,인공지능을 위한 수학 - 꼭 필요한 것만 골라 배우는 인공지능 맞춤 수학,"이시카와 아키히코 (지은이), 신상재, 이진희 (옮긴이)",프리렉,https://image.aladin.co.kr/product/17400/4/cover200/896540228x_1.jpg,22500,인공지능
140,무로이 야스오의 캐릭터 얼굴 & 바스트업 작화 기술,"무로이 야스오 (지은이), 김재훈 (옮긴이)",영진.com(영진닷컴),https://image.aladin.co.kr/product/30929/29/cover200/8931467591_1.jpg,18000,포토샵
141,쉽게 배우는 데이터 통신과 컴퓨터 네트워크 - 3판,박기현 (지은이),한빛아카데미(교재),https://image.aladin.co.kr/product/29725/35/cover200/k922838393_1.jpg,30000,네트워크/데이터 통신
142,가상 면접 사례로 배우는 대규모 시스템 설계 기초 2 - 2024 우수학술도서,"알렉스 쉬, 산 람 (지은이), 이병준 (옮긴이)",인사이트,https://image.aladin.co.kr/product/33040/41/cover200/8966264255_1.jpg,32400,컴퓨터공학/전산학 개론
143,쉽게 배우는 운영체제 - 3판,조성호 (지은이),한빛아카데미(교재),https://image.aladin.co.kr/product/36817/56/cover200/k452030103_1.jpg,33000,소프트웨어 공학
144,"타이포그래피 천일야화 - 한글 타이포그래피의 개념과 실제, 재개정판","원유홍, 서승연, 송명민 (지은이)",안그라픽스,https://image.aladin.co.kr/product/20517/46/cover200/8970595112_1.jpg,26100,디자인이론/비평/역사
145,HTML5 웹 프로그래밍 입문 - 4판,윤인성 (지은이),한빛아카데미(교재),https://image.aladin.co.kr/product/32220/59/cover200/k942834629_1.jpg,29000,프로그래밍 언어
146,훅,"니르 이얄 (지은이), 조자현 (옮긴이)",유엑스리뷰,https://image.aladin.co.kr/product/29505/9/cover200/k702837146_1.jpg,20700,경영전략/혁신
147,"Do it! 오토캐드 2026 - 초보자도 6일이면 설계 도면 그린다! 건축, 인테리어, 기계 실무에 최적화된 입문서",박한울 (지은이),이지스퍼블리싱,https://image.aladin.co.kr/product/36324/29/cover200/k592038648_1.jpg,26550,CAD
148,맛있는 디자인 포토샵 CC 2025 - 핵심 기능을 담은 기본편+실무 예제가 풍부한 활용편,"윤이사라(포완카), 김신애 (지은이)",한빛미디어,https://image.aladin.co.kr/product/36080/50/cover200/k792037349_1.jpg,22500,포토샵
149,"LLM을 위한 프롬프트 엔지니어링 - LLM 구조 이해부터 프롬프트 전략, 대화형 에이전트 설계, 성과 평가까지","존 베리먼, 앨버트 지글러 (지은이), 김정인 (옮긴이)",제이펍,https://image.aladin.co.kr/product/38205/94/cover200/k212034814_1.jpg,25200,인공지능
150,소프트웨어 공학의 모든 것 - 개정판,최은만 (지은이),생능,https://image.aladin.co.kr/product/35399/5/cover200/k992035014_1.jpg,35000,운영체제/소프트웨어 공학
151,"된다! 네이버 스마트플레이스 - 네이버 지도에 우리 가게가 가장 먼저 뜬다! 손님이 알아서 찾아오는 매장 홍보법! 리뷰관리, 황금 키워드 설정, 체험단 운영, AI 활용법",고수진(위드지니) (지은이),이지스퍼블리싱,https://image.aladin.co.kr/product/38210/39/cover200/k382034328_1.jpg,19800,e-비즈니스
152,"요즘 바이브 코딩 코덱스 완벽 가이드 - 인공지능 코딩, AI 에이전트, 프롬프트 엔지니어링, 컨텍스트 엔지니어링, AGENTS.md, PRD, 코덱스 클라우드, 수파베이스, Spec Kit 워크플로, 토큰 최적화, 배포, v0, 스킬, 고급 사용법, 오픈라우터, 챗GPT, 멀티 프로필, LLM, MCP, 깃",윤재원(단테) (지은이),골든래빗(주),https://image.aladin.co.kr/product/38457/55/cover200/k552135714_1.jpg,25200,인공지능
153,"요즘 바이브 코딩 깃허브 코파일럿 31가지 프로그램 만들기 - 인공지능 코딩, AI 포트폴리오, 바탕화면 정리 앱, PDF 편집기, 이메일 자동화, 주식 크롤링, QR 코드 생성기, 노션 스타일 게시판, 대시보드 만들기, 블로그 만들기, 유튜브 클론 사이트, 챗GPT 요약 앱, vercel, 배포, v0, VSCode",박현규 (지은이),골든래빗(주),https://image.aladin.co.kr/product/37877/95/cover200/k782033909_1.jpg,21600,인공지능
154,만들면서 배우는 생성형 AI 첫걸음 - 개정판,"천인국, 천명준 (지은이)",생능,https://image.aladin.co.kr/product/37882/53/cover200/k842033000_1.jpg,29000,인공지능
155,메타버스 시대의 사물 인터넷(IoT) - 개정판,"양순옥, 김성석 (지은이)",생능,https://image.aladin.co.kr/product/30961/54/cover200/k662831107_1.jpg,28000,컴퓨터공학/전산학 개론
156,AI에이전트 시대 젠스파크 AI 300배 활용법,"최재용, 권혁용, 나병인, 노지영, 신진주, 유미경, 장선경, 전상권, 정현정 (지은이), 김진선 (감수)",미디어북,https://image.aladin.co.kr/product/37046/61/cover200/k532030134_1.jpg,19000,인공지능
157,Wireshark로 배우는 컴퓨터 네트워크 - 개정3판,"김봉한, 이재광 (지은이)",생능,https://image.aladin.co.kr/product/35642/19/cover200/k622036600_1.jpg,39000,네트워크/데이터 통신
158,"처음이지만 프로처럼 쓰는 캔바 (Canva) - 기초부터 AI 활용, 브랜딩까지 디자인 수익화 완벽 가이드",정다은(시재) (지은이),아이생각(디지털북스),https://image.aladin.co.kr/product/38551/92/cover200/k312135757_1.jpg,27000,그래픽 일반
159,코어 프런트엔드 UI - 리액트와 순수 자바스크립트로 키우는 실무 사고력,정재남 (지은이),위키북스,https://image.aladin.co.kr/product/38731/74/cover200/k902136941_1.jpg,34200,HTML/JavaScript
160,AI로 완성하는 고수익 유튜브 운영 비법,현승효(디스이즈머니) (지은이),시대인,https://image.aladin.co.kr/product/38457/95/cover200/k502135716_1.jpg,16200,모바일/SNS
161,"솔리드웍스 50시간 완성 : 모델링편 - 동영상 강의 무료제공, NCS기반 3D형상모델링작업",신동진 (지은이),피앤피북,https://image.aladin.co.kr/product/29107/5/cover200/k292837167_1.jpg,18000,그래픽 일반
162,프리미어 프로 + 애프터 이펙트 CC 2026 무작정 따라하기,"전은재, 민지영, 문수민, 앤미디어 (지은이)",길벗,https://image.aladin.co.kr/product/38536/82/cover200/k162135332_1.jpg,24300,그래픽 일반
163,"한눈에 보는 AI 반도체 산업 - GPU부터 HBM, 파운드리, 패키징, 데이터센터까지 하나의 흐름으로 읽는 AI 반도체 생태계",MrTrigger (지은이),한빛미디어,https://image.aladin.co.kr/product/38886/38/cover200/k812137402_1.jpg,23400,컴퓨터공학/전산학 개론
164,"LLM 미세 튜닝, 핵심만 빠르게! - 파이토치와 허깅 페이스 기반의 최신 미세 튜닝 기법","다니엘 보이트 고도이 (지은이), 박해선 (옮긴이)",인사이트,https://image.aladin.co.kr/product/38805/49/cover200/8966265243_1.jpg,28800,인공지능
165,"AI 에이전트 마스터 클래스 - 기획, 구현, 운영, 배포까지 현업에서 바로 적용하는 에이전트 개발 가이드",김구현 (지은이),한빛미디어,https://image.aladin.co.kr/product/38492/11/cover200/k442135210_1.jpg,23400,인공지능
166,"Vertex AI와 Gemini로 시작하는 생성형 AI 실전 개발 - Google Cloud 기반 Gemini API부터 RAG, Agents, 그리고 MCP, A2A 실습까지 한권으로!",김민형 (지은이),디지털북스,https://image.aladin.co.kr/product/38885/23/cover200/8960885061_1.jpg,28800,인공지능
167,"30가지 예제로 따라 하며 배우는 ComfyUI 클라우드 - ComfyUI 하나로 나노 바나나, Veo, Kling AI, WAN, Topaz Video까지 활용! 영상 제작 워크플로를 구축하고, 고퀄리티 AI 영상 제작하기","여승호, 신무경 (지은이)",제이펍,https://image.aladin.co.kr/product/38853/82/cover200/k072137900_1.jpg,19800,인공지능
168,"바로바로 바이브 코딩 with 커서 AI - 인공지능, 자동화, 크롤링, 웹페이지, 바로 배우고 바로 써먹는 AI 코딩 입문서",박현규 (지은이),골든래빗(주),https://image.aladin.co.kr/product/38872/80/cover200/k802137006_1.jpg,27000,인공지능
169,"어쨌든, 에이전틱 코딩 - 바이브 코딩을 끝내고 에이전틱 엔지니어링으로 가는 레시피","코다프레스 (지은이), 양희은 (옮긴이)",인사이트,https://image.aladin.co.kr/product/38878/21/cover200/8966265286_1.jpg,22500,인공지능
170,회사는 엑셀을 가르쳐주지 않아요,쏘피(박성희) (지은이),메가스터디북스,https://image.aladin.co.kr/product/30154/39/cover200/k212839588_1.jpg,16200,엑셀
171,C언어로 쉽게 풀어쓴 자료구조 - 개정 3판,"천인국, 공용해, 하상호 (지은이)",생능,https://image.aladin.co.kr/product/18386/82/cover200/8970509712_1.jpg,29000,데이터베이스 개론
172,"AI 리터러시 : 인공지능 필수 지식부터 완벽 활용까지 - 여전히 챗GPT만 붙들고 있는 당신에게, 2025 세종도서 교양도서",김용성 (지은이),프리렉,https://image.aladin.co.kr/product/35291/15/cover200/8965404029_2.jpg,22500,인공지능
173,혼자 공부하는 네트워크 - 1:1 과외하듯 배우는 네트워크 자습서,강민철 (지은이),한빛미디어,https://image.aladin.co.kr/product/33748/38/cover200/k722930969_1.jpg,25200,네트워크/데이터 통신
174,친절한 드로잉,박리노 (지은이),아이생각(디지털북스),https://image.aladin.co.kr/product/10870/72/cover200/8960882070_1.jpg,18000,포토샵
175,미래를 바꾼 아홉 가지 알고리즘 - 컴퓨터 세상을 만든 기발한 아이디어들,"존 맥코믹 (지은이), 민병교 (옮긴이)",에이콘출판,https://image.aladin.co.kr/product/2683/75/cover200/8960774383_1.jpg,16920,자료구조/알고리즘
176,AI 에이전트 생태계 - 프레임워크와 프로토콜로 여는 새로운 패러다임,조쉬(이주환) (지은이),로드북,https://image.aladin.co.kr/product/36816/35/cover200/k692030102_1.jpg,24300,인공지능
177,"객체지향의 사실과 오해 - 역할, 책임, 협력 관점에서 본 객체지향",조영호 (지은이),위키북스,https://image.aladin.co.kr/product/6055/2/cover200/8998139766_1.jpg,18000,객체지향 프로그래밍/UML
178,"이게 되네? 나노바나나 AI 비포&애프터 미친 활용법 71제 [나노바나나 프로 최신 반영 / 프롬프트 복붙 사이트 제공 / 카카오톡 Q&A 제공] - 포토샵 없이 제미나이로 5초 컷! 씨드림, 미드저니, 소라, 위스크까지 나만의 AI 사진관 한 권으로 끝내기",쌩초 (지은이),골든래빗(주),https://image.aladin.co.kr/product/37835/71/cover200/k802033696_2.jpg,16920,그래픽 일반
179,다시 시작하는 일러스트 해체신서,"다테나오토, 무토 키요시 (지은이), 김재훈 (옮긴이)",한즈미디어(한스미디어),https://image.aladin.co.kr/product/18005/79/cover200/k012534633_1.jpg,14850,만화작법/일러스트
180,"된다! 하루 만에 준비하는 AI 학교 수업 활용법 with 챗GPT, 캔바, 미리캔버스, 구글 기반 AI - 과목별 30가지 아이디어","정인걸, 김경수 (지은이)",이지스퍼블리싱,https://image.aladin.co.kr/product/35856/23/cover200/k622037578_1.jpg,17820,인공지능
181,Do it! C언어 입문 - 실무 20년 현업 프로그래머가 초보자를 위해 엮었다!,김성엽 (지은이),이지스퍼블리싱,https://image.aladin.co.kr/product/10056/9/cover200/k782536777_1.jpg,22500,C
182,Easy! 딥러닝 - 혁펜하임의,혁펜하임 (지은이),북엔드,https://image.aladin.co.kr/product/35299/52/cover200/k302035970_2.jpg,31500,인공지능
183,"IT 세상을 만나는 컴퓨터 개론 - 인공지능, 빅데이터, 확장현실까지, 2판",조성호 (지은이),한빛아카데미(교재),https://image.aladin.co.kr/product/33416/68/cover200/k362938439_1.jpg,29000,컴퓨터공학/전산학 개론
184,"누구나 쉽게 즐기는 C언어 콘서트 - Visual Studio 2019, 개정3판",천인국 (지은이),생능,https://image.aladin.co.kr/product/27666/85/cover200/8970504931_1.jpg,27000,C
185,코딩 자율학습 HTML + CSS + 자바스크립트 - 기초부터 반응형 웹까지 초보자를 위한 웹 개발 입문서,김기수 (지은이),길벗,https://image.aladin.co.kr/product/29234/10/cover200/k292837292_1.jpg,24300,HTML/JavaScript
186,타이포그래피 교과서 - Design with Type,"제임스 크레이그, 윌리엄 베빙튼, 아이린 코롤 스칼라 (지은이), 문지숙, 최문경 (옮긴이), 안상수 (감수)",안그라픽스,https://image.aladin.co.kr/product/761/19/cover200/8970594582_2.jpg,22500,디자인이론/비평/역사
187,"컴퓨터 과학이 여는 세계 - 세상을 바꾼 컴퓨터, 소프트웨어의 원천 아이디어 그리고 미래",이광근 (지은이),인사이트,https://image.aladin.co.kr/product/5971/52/cover200/8966261434_2.jpg,16200,디지털 문화
188,"어쨌든, 바이브 코딩 - 코딩을 몰라도 50개 앱과 웹사이트를 AI와 LLM을 활용해서 개발한다","코다프레스 (지은이), 양희은 (옮긴이)",인사이트,https://image.aladin.co.kr/product/37996/33/cover200/8966265065_1.jpg,19800,인공지능
189,"Do it! HTML + CSS + 자바스크립트 웹 표준의 정석 - 한 권으로 끝내는 웹 기본 교과서, 전면 개정판",고경희 (지은이),이지스퍼블리싱,https://image.aladin.co.kr/product/34334/36/cover200/k622932793_1.jpg,28800,HTML/JavaScript
190,"스토리텔링 우동이즘의 잘 팔리는 웹툰, 웹소설 이야기 만들기 - 아마추어 작가와 지망생을 위한 프로 데뷔 노하우!",우동이즘 (지은이),한빛미디어,https://image.aladin.co.kr/product/28258/86/cover200/k882835380_1.jpg,14400,e-비즈니스/온라인 창업
191,오브젝트 - 코드로 이해하는 객체지향 설계,조영호 (지은이),위키북스,https://image.aladin.co.kr/product/19368/10/cover200/k972635015_1.jpg,34200,프로그래밍 기초/개발 방법론
192,일러스트 향상 강좌 - 90일 만에 달라지는,"다테나오토 (지은이), 김재훈 (옮긴이)",한즈미디어(한스미디어),https://image.aladin.co.kr/product/28758/21/cover200/k552836886_1.jpg,16200,만화작법/일러스트
193,"바로 배워서 바로 써먹는 바이브 코딩 - 캔바, 구글 앱스크립트, 파이어베이스, 러버블까지, 웹 앱 개발 도구를 활용한 AI 융합 교육 가이드","박찬, 김병석, 전수연, 김지용, 구현희, 전채원, 홍찬우, 이상선 (지은이)",다빈치books,https://image.aladin.co.kr/product/37042/61/cover200/k532030032_2.jpg,19800,교육 일반
194,프로그래머를 위한 선형대수,"히라오카 카즈유키, 호리 겐 (지은이), 이창신 (옮긴이)",길벗,https://image.aladin.co.kr/product/10423/3/cover200/k032536399_1.jpg,28800,자료구조/알고리즘
195,"아는 만큼 보이는 생성형 AI - 챗GPT, 제미나이, 클로드, 클로바X, 달리, 미드저니, 스테이블 디퓨전, 수노, 유디오까지 한 권으로 보는 생성형 AI 기술과 트렌드",김주영 (지은이),길벗,https://image.aladin.co.kr/product/36848/73/cover200/k212030303_1.jpg,19800,인공지능
196,처음 만나는 디지털 논리회로 - 2판,"임석구, 홍경호 (지은이)",한빛아카데미(교재),https://image.aladin.co.kr/product/35177/34/cover200/k392934223_1.jpg,27000,컴퓨터공학/전산학 개론
197,제텔카스텐,"숀케 아렌스 (지은이), 김수진 (옮긴이)",인간희극,https://image.aladin.co.kr/product/32221/5/cover200/8993784787_2.jpg,16200,SNS
198,"제로클릭 - 클릭의 종말, AI 시대의 생존 전략",손승완 (지은이),길벗,https://image.aladin.co.kr/product/38270/68/cover200/k152034938_1.jpg,16920,인공지능/빅데이터
199,리더는 AI에게 질문하지 않는다 - 새로운 가치를 만드는 리더를 위한 프롬프트 설계와 큐레이션 기술,김희연 (지은이),북피움,https://image.aladin.co.kr/product/38158/67/cover200/k302034508_1.jpg,20700,e-비즈니스
200,"된다! 미리캔버스 & 캔바 디자인 수업 - 소상공인, 마케터, 직장인을 위한",방구석 다람쥐(배가을) (지은이),이지스퍼블리싱,https://image.aladin.co.kr/product/37083/69/cover200/k322030051_1.jpg,21600,그래픽 일반
